cart_offset,length,dest,mode
0x00800000,0x800,0x0c0e6a00,DMA
0x00808000,0x800,0x0c115960,DMA
0x0080a000,0x800,0x0c115960,DMA
0x0080a800,0x800,0x0c115960,DMA
0x0080b000,0x800,0x0c115960,DMA
0x0080b800,0x800,0x0c115960,DMA
0x0080c000,0x800,0x0c115960,DMA
0x0080c800,0x800,0x0c115960,DMA
0x0080d000,0x800,0x0c115960,DMA
0x0080d800,0x800,0x0c115960,DMA
0x0080e000,0x800,0x0c115960,DMA
0x0080e800,0x800,0x0c115960,DMA
0x0080f000,0x800,0x0c115960,DMA
0x0080f800,0x800,0x0c115960,DMA
0x00acf000,0x800,0x0ca378e0,DMA
0x00acf800,0x800,0x0ca378e0,DMA
0x00ad0000,0x800,0x0ca378e0,DMA
0x00ad0800,0x800,0x0ca378e0,DMA
0x00ad1000,0x800,0x0ca378e0,DMA
0x00ad1800,0x800,0x0ca378e0,DMA
0x00ad4000,0x800,0x0ca378e0,DMA
0x00ad5000,0x800,0x0ca378e0,DMA
0x00ad5800,0x800,0x0ca378e0,DMA
0x00ad6000,0x800,0x0ca378e0,DMA
0x00ad6800,0x800,0x0ca378e0,DMA
0x00ad7000,0x800,0x0ca378e0,DMA
0x00ad7800,0x800,0x0ca378e0,DMA
0x00ada800,0x800,0x0ca378e0,DMA
0x00ae2000,0x800,0x0ca378e0,DMA
0x00af2800,0x800,0x0ca378e0,DMA
0x00af3000,0x800,0x0ca378e0,DMA
0x00ca2000,0xab000,0x0ca378e0,DMA
0x00d4d000,0xb000,0x0ca378e0,DMA
0x00d58000,0xb000,0x0ca378e0,DMA
0x00d63000,0xb000,0x0ca378e0,DMA
0x00d6e000,0xb000,0x0ca378e0,DMA
0x00d79000,0xab000,0x0ca378e0,DMA
0x00e24000,0xb000,0x0ca378e0,DMA
0x00e2f000,0xb000,0x0ca378e0,DMA
0x00e3a000,0xb000,0x0ca378e0,DMA
0x00e45000,0xb000,0x0ca378e0,DMA
0x00ffe000,0xab000,0x0ca378e0,DMA
0x010a9000,0xb000,0x0ca378e0,DMA
0x010b4000,0xb000,0x0ca378e0,DMA
0x010bf000,0xb000,0x0ca378e0,DMA
0x010ca000,0xb000,0x0ca378e0,DMA
0x010d5000,0xab000,0x0ca378e0,DMA
0x01180000,0x16000,0x0ca378e0,DMA
0x01196000,0x16000,0x0ca378e0,DMA
0x011ac000,0x16000,0x0ca378e0,DMA
0x011c2000,0x40800,0x0c36ed20,DMA
0x01202800,0x40800,0x0c32e4e0,DMA
0x01243000,0x40800,0x0c2edca0,DMA
0x01283800,0x40800,0x0c2ad460,DMA
0x012c4000,0x40800,0x0c22c3e0,DMA
0x01304800,0xab000,0x0ca378e0,DMA
0x0145a800,0x2b000,0x0ca378e0,DMA
0x01485800,0x2b000,0x0ca378e0,DMA
0x014b0800,0x2b000,0x0ca378e0,DMA
0x014db800,0xab000,0x0ca378e0,DMA
0x01586800,0xb000,0x0ca378e0,DMA
0x01591800,0xb000,0x0ca378e0,DMA
0x0159c800,0xb000,0x0ca378e0,DMA
0x015a7800,0xb000,0x0ca378e0,DMA
0x015b2800,0xab000,0x0ca378e0,DMA
0x0165d800,0xb000,0x0ca378e0,DMA
0x01668800,0xb000,0x0ca378e0,DMA
0x01673800,0xb000,0x0ca378e0,DMA
0x0167e800,0xb000,0x0ca378e0,DMA
0x01689800,0xab000,0x0ca378e0,DMA
0x01734800,0xb000,0x0ca378e0,DMA
0x0173f800,0xb000,0x0ca378e0,DMA
0x0174a800,0xb000,0x0ca378e0,DMA
0x01755800,0xb000,0x0ca378e0,DMA
0x01837800,0x10800,0x0ca378e0,DMA
0x01848000,0x2b000,0x0ca378e0,DMA
0x01873000,0x2b000,0x0ca378e0,DMA
0x0189e000,0x2b000,0x0ca378e0,DMA
0x018c9000,0x40800,0x0ca378e0,DMA
0x01909800,0x40800,0x0ca378e0,DMA
0x0194a000,0x40800,0x0ca378e0,DMA
0x019cb000,0x10800,0x0ca378e0,DMA
0x01ab2800,0x40800,0x0ca378e0,DMA
0x01af3000,0xab000,0x0ca378e0,DMA
0x01b9e000,0x100000,0x0ca378e0,DMA
0x01c9e000,0x100000,0x0ca378e0,DMA
0x01d9e000,0xab000,0x0ca378e0,DMA
0x01f5f800,0x40800,0x0c3af560,DMA
0x01fa0000,0x40800,0x0c4f1ea0,DMA
0x01fe0800,0x40800,0x0c4b1660,DMA
0x02021000,0x40800,0x0c470e20,DMA
0x02061800,0x40800,0x0c4305e0,DMA
0x020a2000,0x40800,0x0c3efda0,DMA
0x02225000,0xab000,0x0ca378e0,DMA
0x022d0000,0xab000,0x0ca378e0,DMA
0x0237b000,0xb000,0x0ca378e0,DMA
0x02386000,0xb000,0x0ca378e0,DMA
0x02391000,0xb000,0x0ca378e0,DMA
0x0239c000,0xb000,0x0ca378e0,DMA
0x023a7000,0xab000,0x0ca378e0,DMA
0x02452000,0xb000,0x0ca378e0,DMA
0x0245d000,0xb000,0x0ca378e0,DMA
0x02468000,0xb000,0x0ca378e0,DMA
0x02473000,0xb000,0x0ca378e0,DMA
0x0247e000,0xab000,0x0ca378e0,DMA
0x02529000,0xab000,0x0ca378e0,DMA
0x026ab000,0x10800,0x0c771620,DMA
0x026bb800,0x10800,0x0c760de0,DMA
0x026cc000,0x10800,0x0c7505a0,DMA
0x026dc800,0x10800,0x0c73fd60,DMA
0x026ed000,0x10800,0x0c72f520,DMA
0x026fd800,0x10800,0x0c71ece0,DMA
0x0270e000,0x10800,0x0c70e4a0,DMA
0x0271e800,0x10800,0x0c6fdc60,DMA
0x0272f000,0x10800,0x0c6ed420,DMA
0x0273f800,0x10800,0x0c6dcbe0,DMA
0x02750000,0x10800,0x0c6cc3a0,DMA
0x02760800,0x10800,0x0c6bbb60,DMA
0x02771000,0x10800,0x0ca270a0,DMA
0x02781800,0x10800,0x0ca16860,DMA
0x02792000,0x10800,0x0ca06020,DMA
0x027a2800,0x10800,0x0c9f57e0,DMA
0x027b3000,0x10800,0x0c9e4fa0,DMA
0x027c3800,0x10800,0x0c9d4760,DMA
0x027d4000,0x10800,0x0c9c3f20,DMA
0x027e4800,0x10800,0x0c9b36e0,DMA
0x027f5000,0x10800,0x0c9a2ea0,DMA
0x02805800,0x10800,0x0c992660,DMA
0x02816000,0x10800,0x0c981e20,DMA
0x02826800,0x10800,0x0c9715e0,DMA
0x02837000,0x10800,0x0c960da0,DMA
0x02847800,0x10800,0x0c950560,DMA
0x02858000,0x10800,0x0c93fd20,DMA
0x02868800,0x10800,0x0c92f4e0,DMA
0x02879000,0x10800,0x0c91eca0,DMA
0x02889800,0x10800,0x0c90e460,DMA
0x0289a000,0x10800,0x0c8fdc20,DMA
0x028aa800,0x10800,0x0c8ed3e0,DMA
0x028bb000,0x10800,0x0c8dcba0,DMA
0x028cb800,0x10800,0x0c8cc360,DMA
0x028dc000,0x10800,0x0c8bbb20,DMA
0x028ec800,0x10800,0x0c8ab2e0,DMA
0x028fd000,0x10800,0x0c89aaa0,DMA
0x0290d800,0x10800,0x0c88a260,DMA
0x0291e000,0x10800,0x0c879a20,DMA
0x0292e800,0x10800,0x0c8691e0,DMA
0x0293f000,0x10800,0x0c8589a0,DMA
0x0294f800,0x10800,0x0c848160,DMA
0x02960000,0x10800,0x0c837920,DMA
0x02970800,0x10800,0x0c8270e0,DMA
0x02981000,0x10800,0x0c8168a0,DMA
0x02991800,0x10800,0x0c806060,DMA
0x029a2000,0x10800,0x0c7f5820,DMA
0x029b2800,0x10800,0x0c7e4fe0,DMA
0x029c3000,0x10800,0x0c7d47a0,DMA
0x029d3800,0x10800,0x0c7c3f60,DMA
0x029e4000,0x10800,0x0c7b3720,DMA
0x029f4800,0x10800,0x0c7a2ee0,DMA
0x02a05000,0x10800,0x0c7926a0,DMA
0x02a15800,0x10800,0x0c781e60,DMA
0x02a26000,0x10800,0x0c6ab320,DMA
0x02a36800,0x10800,0x0c69aae0,DMA
0x02a47000,0x10800,0x0c68a2a0,DMA
0x02a57800,0x10800,0x0c679a60,DMA
0x02a68000,0x10800,0x0c669220,DMA
0x02a78800,0x10800,0x0c6589e0,DMA
0x02a89000,0x10800,0x0c5c3fa0,DMA
0x02a99800,0x10800,0x0c5b3760,DMA
0x02aaa000,0x10800,0x0c6481a0,DMA
0x02aba800,0x10800,0x0c637960,DMA
0x02acb000,0x10800,0x0c627120,DMA
0x02adb800,0x10800,0x0c6168e0,DMA
0x02aec000,0x10800,0x0c6060a0,DMA
0x02afc800,0x10800,0x0c5f5860,DMA
0x02b0d000,0x10800,0x0c5e5020,DMA
0x02b1d800,0x10800,0x0c5d47e0,DMA
0x02b2e000,0x10800,0x0c521ea0,DMA
0x02b3e800,0x10800,0x0c511660,DMA
0x02b4f000,0x10800,0x0c500e20,DMA
0x02b5f800,0x10800,0x0c4f05e0,DMA
0x02b70000,0x10800,0x0c4dfda0,DMA
0x02b80800,0x10800,0x0c4cf560,DMA
0x02b91000,0x10800,0x0c4bed20,DMA
0x02ba1800,0x10800,0x0c4ae4e0,DMA
0x02bb2000,0x10800,0x0c49dca0,DMA
0x02bc2800,0x10800,0x0c48d460,DMA
0x02bd3000,0x10800,0x0c47cc20,DMA
0x02be3800,0x10800,0x0c46c3e0,DMA
0x02bf4000,0x10800,0x0c45bba0,DMA
0x02c04800,0x10800,0x0c44b360,DMA
0x02c15000,0x10800,0x0c43ab20,DMA
0x02c25800,0x10800,0x0c42a2e0,DMA
0x02c36000,0x10800,0x0c419aa0,DMA
0x02c46800,0x10800,0x0c409260,DMA
0x02c57000,0x10800,0x0c3f8a20,DMA
0x02c67800,0x10800,0x0c3e81e0,DMA
0x02c78000,0x10800,0x0c3d79a0,DMA
0x02c88800,0x10800,0x0c3c7160,DMA
0x02cba000,0x2b000,0x0ca378e0,DMA
0x02d25800,0x100000,0x0ca378e0,DMA
0x02e25800,0x100000,0x0ca378e0,DMA
0x02f25800,0xab000,0x0ca378e0,DMA
0x03347800,0xab000,0x0ca378e0,DMA
0x033f2800,0xb000,0x0ca378e0,DMA
0x033fd800,0xb000,0x0ca378e0,DMA
0x03408800,0xb000,0x0ca378e0,DMA
0x03413800,0xb000,0x0ca378e0,DMA
0x0341e800,0x40800,0x0c572f20,DMA
0x0345f000,0xab000,0x0ca378e0,DMA
0x0350a000,0xb000,0x0ca378e0,DMA
0x03515000,0xb000,0x0ca378e0,DMA
0x03520000,0xb000,0x0ca378e0,DMA
0x0352b000,0xb000,0x0ca378e0,DMA
0x0360d000,0x40800,0x0c26cc20,DMA
0x0364d800,0x2b000,0x0ca378e0,DMA
0x0377c000,0x2b000,0x0ca378e0,DMA
0x038be800,0x2b000,0x0ca378e0,DMA
0x038e9800,0xb000,0x0ca378e0,DMA
0x038f4800,0xb000,0x0ca378e0,DMA
0x038ff800,0xab000,0x0ca378e0,DMA
0x039aa800,0xb000,0x0ca378e0,DMA
0x039b5800,0xb000,0x0ca378e0,DMA
0x039c0800,0x10800,0x0ca378e0,DMA
0x03a93800,0x800,0x0ca378e0,DMA
0x03a94000,0x40800,0x0ca378e0,DMA
0x03dc9000,0xb000,0x0ca378e0,DMA
0x03dd4000,0xb000,0x0ca378e0,DMA
0x03ddf000,0xb000,0x0ca378e0,DMA
0x03dea000,0xb000,0x0ca378e0,DMA
0x03df5000,0xab000,0x0ca378e0,DMA
0x044ac000,0x2b000,0x0ca378e0,DMA
0x045e5000,0xab000,0x0ca378e0,DMA
0x04690000,0xb000,0x0ca378e0,DMA
0x0469b000,0xb000,0x0ca378e0,DMA
0x046a6000,0xb000,0x0ca378e0,DMA
0x046b1000,0xb000,0x0ca378e0,DMA
0x0486a000,0xab000,0x0ca378e0,DMA
0x04915000,0xb000,0x0ca378e0,DMA
0x04920000,0xb000,0x0ca378e0,DMA
0x0492b000,0xb000,0x0ca378e0,DMA
0x04936000,0xb000,0x0ca378e0,DMA
0x05622000,0xab000,0x0ca378e0,DMA
0x056cd000,0x10000,0x0c21c3c0,DMA
0x056cd000,0x10000,0x0c3b7140,DMA
0x056dd000,0x10000,0x0c21c3c0,DMA
0x056dd000,0x10000,0x0c3b7140,DMA
0x056ed000,0x10000,0x0c21c3c0,DMA
0x056ed000,0x10000,0x0c3b7140,DMA
0x056fd000,0x10000,0x0c21c3c0,DMA
0x056fd000,0x10000,0x0c3b7140,DMA
0x0570d000,0x10000,0x0c21c3c0,DMA
0x0570d000,0x10000,0x0c3b7140,DMA
0x0571d000,0x10000,0x0c21c3c0,DMA
0x0571d000,0x10000,0x0c3b7140,DMA
0x0572d000,0x10000,0x0c21c3c0,DMA
0x0572d000,0x10000,0x0c3b7140,DMA
0x0573d000,0x10000,0x0c21c3c0,DMA
0x0573d000,0x10000,0x0c3b7140,DMA
0x0574d000,0x10000,0x0c21c3c0,DMA
0x0574d000,0x10000,0x0c3b7140,DMA
0x0575d000,0x10000,0x0c21c3c0,DMA
0x0575d000,0x10000,0x0c3b7140,DMA
0x0576d000,0x10000,0x0c21c3c0,DMA
0x0576d000,0x10000,0x0c3b7140,DMA
0x0577d000,0x10000,0x0c21c3c0,DMA
0x0577d000,0x10000,0x0c3b7140,DMA
0x0578d000,0x10000,0x0c21c3c0,DMA
0x0578d000,0x10000,0x0c3b7140,DMA
0x0579d000,0x10000,0x0c21c3c0,DMA
0x0579d000,0x10000,0x0c3b7140,DMA
0x057ad000,0x10000,0x0c21c3c0,DMA
0x057ad000,0x10000,0x0c3b7140,DMA
0x057bd000,0x10000,0x0c21c3c0,DMA
0x057bd000,0x10000,0x0c3b7140,DMA
0x057cd000,0x10000,0x0c21c3c0,DMA
0x057cd000,0x10000,0x0c3b7140,DMA
0x057dd000,0x10000,0x0c21c3c0,DMA
0x057dd000,0x10000,0x0c3b7140,DMA
0x057ed000,0x10000,0x0c21c3c0,DMA
0x057ed000,0x10000,0x0c3b7140,DMA
0x057fd000,0x10000,0x0c21c3c0,DMA
0x057fd000,0x10000,0x0c3b7140,DMA
0x0580d000,0x10000,0x0c21c3c0,DMA
0x0580d000,0x10000,0x0c3b7140,DMA
0x0581d000,0x10000,0x0c21c3c0,DMA
0x0581d000,0x10000,0x0c3b7140,DMA
0x0582d000,0x10000,0x0c21c3c0,DMA
0x0582d000,0x10000,0x0c3b7140,DMA
0x0583d000,0x10000,0x0c21c3c0,DMA
0x0583d000,0x10000,0x0c3b7140,DMA
0x0584d000,0x10000,0x0c21c3c0,DMA
0x0584d000,0x10000,0x0c3b7140,DMA
0x0585d000,0x10000,0x0c21c3c0,DMA
0x0585d000,0x10000,0x0c3b7140,DMA
0x0586d000,0x10000,0x0c21c3c0,DMA
0x0586d000,0x10000,0x0c3b7140,DMA
0x0587d000,0x10000,0x0c21c3c0,DMA
0x0587d000,0x10000,0x0c3b7140,DMA
0x0588d000,0x10000,0x0c21c3c0,DMA
0x0588d000,0x10000,0x0c3b7140,DMA
0x0589d000,0x10000,0x0c21c3c0,DMA
0x0589d000,0x10000,0x0c3b7140,DMA
0x058ad000,0x7800,0x0c21c3c0,DMA
0x058ad000,0x7800,0x0c3b7140,DMA
0x058b4800,0x10000,0x0c21c3c0,DMA
0x058c4800,0x10000,0x0c21c3c0,DMA
0x058d4800,0x10000,0x0c21c3c0,DMA
0x058e4800,0x10000,0x0c21c3c0,DMA
0x058f4800,0x10000,0x0c21c3c0,DMA
0x05904800,0x10000,0x0c21c3c0,DMA
0x05914800,0x10000,0x0c21c3c0,DMA
0x05924800,0x10000,0x0c21c3c0,DMA
0x05934800,0x10000,0x0c21c3c0,DMA
0x05944800,0x10000,0x0c21c3c0,DMA
0x05954800,0x10000,0x0c21c3c0,DMA
0x05964800,0x10000,0x0c21c3c0,DMA
0x05974800,0x10000,0x0c21c3c0,DMA
0x05984800,0x10000,0x0c21c3c0,DMA
0x05994800,0x10000,0x0c21c3c0,DMA
0x059a4800,0x10000,0x0c21c3c0,DMA
0x059b4800,0x10000,0x0c21c3c0,DMA
0x059c4800,0x10000,0x0c21c3c0,DMA
0x059d4800,0x10000,0x0c21c3c0,DMA
0x059e4800,0x10000,0x0c21c3c0,DMA
0x059f4800,0x10000,0x0c21c3c0,DMA
0x05a04800,0x10000,0x0c21c3c0,DMA
0x05a14800,0x10000,0x0c21c3c0,DMA
0x05a24800,0x10000,0x0c21c3c0,DMA
0x05a34800,0x10000,0x0c21c3c0,DMA
0x05a44800,0x10000,0x0c21c3c0,DMA
0x05a54800,0x8800,0x0c21c3c0,DMA
0x05a5d000,0x10000,0x0c21c3c0,DMA
0x05a6d000,0x10000,0x0c21c3c0,DMA
0x05a7d000,0x10000,0x0c21c3c0,DMA
0x05a8d000,0x10000,0x0c21c3c0,DMA
0x05a9d000,0x10000,0x0c21c3c0,DMA
0x05aad000,0x10000,0x0c21c3c0,DMA
0x05abd000,0x10000,0x0c21c3c0,DMA
0x05acd000,0x10000,0x0c21c3c0,DMA
0x05add000,0x10000,0x0c21c3c0,DMA
0x05aed000,0x10000,0x0c21c3c0,DMA
0x05afd000,0x10000,0x0c21c3c0,DMA
0x05b0d000,0x10000,0x0c21c3c0,DMA
0x05b1d000,0x10000,0x0c21c3c0,DMA
0x05b2d000,0x10000,0x0c21c3c0,DMA
0x05b3d000,0x10000,0x0c21c3c0,DMA
0x05b4d000,0x10000,0x0c21c3c0,DMA
0x05b5d000,0x10000,0x0c21c3c0,DMA
0x05b6d000,0x10000,0x0c21c3c0,DMA
0x05b7d000,0x10000,0x0c21c3c0,DMA
0x05b8d000,0x10000,0x0c21c3c0,DMA
0x05b9d000,0x5800,0x0c21c3c0,DMA
0x05ba2800,0x10000,0x0c21c3c0,DMA
0x05bb2800,0x10000,0x0c21c3c0,DMA
0x05bc2800,0x10000,0x0c21c3c0,DMA
0x05bd2800,0x10000,0x0c21c3c0,DMA
0x05be2800,0x10000,0x0c21c3c0,DMA
0x05bf2800,0x10000,0x0c21c3c0,DMA
0x05c02800,0x10000,0x0c21c3c0,DMA
0x05c12800,0x10000,0x0c21c3c0,DMA
0x05c22800,0x10000,0x0c21c3c0,DMA
0x05c32800,0x10000,0x0c21c3c0,DMA
0x05c42800,0x10000,0x0c21c3c0,DMA
0x05c52800,0x10000,0x0c21c3c0,DMA
0x05c62800,0x10000,0x0c21c3c0,DMA
0x05c72800,0x10000,0x0c21c3c0,DMA
0x05c82800,0x10000,0x0c21c3c0,DMA
0x05c92800,0x10000,0x0c21c3c0,DMA
0x05ca2800,0x10000,0x0c21c3c0,DMA
0x05cb2800,0x10000,0x0c21c3c0,DMA
0x05cc2800,0x10000,0x0c21c3c0,DMA
0x05cd2800,0x10000,0x0c21c3c0,DMA
0x05ce2800,0x10000,0x0c21c3c0,DMA
0x05cf2800,0x10000,0x0c21c3c0,DMA
0x05d02800,0x10000,0x0c21c3c0,DMA
0x05d12800,0x10000,0x0c21c3c0,DMA
0x05d22800,0x10000,0x0c21c3c0,DMA
0x05d32800,0x10000,0x0c21c3c0,DMA
0x05d42800,0x10000,0x0c21c3c0,DMA
0x05d52800,0x800,0x0ca378e0,DMA
0x05f05800,0xab000,0x0ca378e0,DMA
0x05fb0800,0x40800,0x0c5326e0,DMA
0x05ff1000,0xab000,0x0ca378e0,DMA
0x00000000,0x0,0x00000000,PIO
